"Aage";1054
"Aaron";617
"Aasmund";271
"Abbas";313
"Abdallah";230
"Abdi";601
"Abdirahman";795
"Abdul";1345
"Abdulkadir";216
"Abdullah";946
"Abdullahi";610
"Abdulrahman";312
"Abel";954
"Abraham";366
"Adam";5504
"Adel";234
"Adem";239
"Adil";247
"Adnan";678
"Adrian";10797
"Agnar";716
"Ahmad";2467
"Ahmed";3063
"Ahmet";395
"Aiden";280
"Ailo";604
"Akram";224
"Aksel";6327
"Alaa";235
"Alan";897
"Albert";2407
"Alejandro";302
"Aleksandar";487
"Aleksander";7631
"Aleksandr";301
"Aleksandrs";234
"Alex";1172
"Alexander";12331
"Alexandru";450
"Alf";6709
"Alfred";3339
"Ali";4325
"Allan";619
"Alv";283
"Alvar";212
"Alvin";755
"Amanuel";306
"Amar";268
"Amer";231
"Amin";436
"Amir";1376
"Ammar";324
"Amund";2960
"Anas";483
"Anatolii";342
"Anders";18968
"Andre";6378
"Andreas";21407
"Andrei";548
"Andrej";284
"Andres";369
"Andrew";722
"Andrii";1365
"Andris";248
"Andrius";559
"Andrzej";1738
"Annar";212
"Ansgar";264
"Anthony";533
"Anton";2932
"Antoni";396
"Antonio";674
"Anwar";234
"Aram";262
"Are";2322
"Ari";309
"Arian";753
"Arild";9292
"Arkadiusz";711
"Arman";403
"Armin";323
"Arn";248
"Arne";19373
"Arnfinn";2305
"Arnljot";.
"Arnold";682
"Arnstein";1034
"Arnt";3092
"Arnulf";481
"Aron";2859
"Artem";978
"Arthur";1695
"Artur";1614
"Arturas";417
"Arunas";363
"Arve";3988
"Arvid";4465
"Arvin";242
"Arvydas";.
"Aryan";343
"Asad";202
"Asbjørn";5301
"Asgeir";1101
"Ask";1677
"Aslak";1517
"Asle";1683
"Asmund";.
"Atle";5442
"Audrius";296
"Audun";3743
"August";2304
"Aurimas";266
"Axel";2183
"Ayman";362
"Ayub";218
"Baard";392
"Balder";447
"Bartlomiej";540
"Bartosz";668
"Bastian";869
"Ben";677
"Bendik";2227
"Bengt";1659
"Benjamin";9061
"Benny";288
"Bent";2207
"Bernard";320
"Bernhard";695
"Bernt";2784
"Bertil";248
"Bilal";627
"Birger";2219
"Birk";2339
"Bjarne";4017
"Bjarte";2005
"Bjørge";226
"Bjørn";36038
"Bjørn-Erik";.
"Bjørnar";4748
"Bo";1066
"Bogdan";582
"Boguslaw";.
"Bohdan";542
"Borgar";272
"Boris";230
"Brage";3678
"Brede";1047
"Brian";879
"Bror";564
"Bruno";402
"Brynjar";694
"Brynjulf";209
"Børge";1767
"Børre";937
"Bård";3718
"Carl";4436
"Carlos";775
"Carsten";549
"Casper";2720
"Caspian";534
"Cato";2528
"Cezary";218
"Charles";709
"Charlie";404
"Chris";1820
"Christen";.
"Christer";2926
"Christian";14373
"Christoffer";4987
"Christopher";3095
"Claes";241
"Claus";501
"Colin";662
"Conrad";367
"Constantin";295
"Cornelius";451
"Cristian";468
"Dag";9501
"Dagfinn";2209
"Dainius";274
"Damian";1071
"Damir";236
"Dan";2546
"Dani";315
"Danial";221
"Daniel";19823
"Daniil";392
"Danny";248
"Danylo";451
"Darius";668
"Dariusz";1504
"David";7769
"Davyd";253
"Dawid";1092
"Dawit";270
"Deividas";288
"Dejan";235
"Denis";554
"Dennis";3118
"Denys";551
"Didrik";1551
"Diego";286
"Dmytro";1469
"Dominic";242
"Dominik";689
"Donatas";333
"Dovydas";216
"Dragan";227
"Ebbe";271
"Eddie";243
"Edgar";947
"Edgaras";209
"Edin";352
"Edmund";536
"Eduard";347
"Eduardo";227
"Edvard";3450
"Edvin";2310
"Edvinas";205
"Edward";951
"Edwin";646
"Egidijus";331
"Egil";6641
"Eigil";328
"Eik";223
"Eilert";321
"Eilev";244
"Eilif";696
"Einar";9993
"Eirik";14076
"Eivind";8317
"Eldar";699
"Eliah";312
"Elian";219
"Elias";9191
"Elling";494
"Elliot";1009
"Elvin";213
"Emanuel";471
"Emil";13461
"Emilian";1018
"Emilio";354
"Emir";467
"Emmanuel";453
"Emre";475
"Emrik";1449
"Endre";2900
"Enes";200
"Eric";1287
"Erik";21034
"Erland";792
"Erlend";6832
"Erling";5463
"Ernst";1256
"Esben";410
"Eskil";2477
"Eskild";466
"Espen";14085
"Esten";209
"Ethan";224
"Evald";.
"Evaldas";219
"Evan";219
"Even";8284
"Eystein";305
"Eyvind";368
"Fabian";1357
"Faisal";249
"Falk";497
"Farhad";246
"Felix";3610
"Ferdinand";731
"Fernando";264
"Filip";5366
"Fillip";764
"Finn";6036
"Flemming";304
"Florian";260
"Florin";300
"Francis";256
"Francisco";378
"Franciszek";258
"Frank";9448
"Frans";334
"Fred";1811
"Freddy";1161
"Frederik";596
"Fredrick";326
"Fredrik";14800
"Fridtjof";404
"Frikk";218
"Frithjof";.
"Frits";210
"Fritz";393
"Frode";10855
"Gabriel";4148
"Gard";1418
"Gaute";2050
"Gediminas";216
"Geir";21865
"Georg";2492
"George";599
"Georgios";237
"Gerhard";330
"Gert";206
"Gheorghe";225
"Giedrius";258
"Gintaras";234
"Gisle";1149
"Gjermund";1300
"Gjert";277
"Glen";218
"Glenn";4077
"Goran";311
"Gorm";287
"Grzegorz";1877
"Gudbrand";221
"Gudmund";811
"Gunnar";10820
"Gunvald";240
"Gustav";3420
"Guttorm";582
"Gøran";1119
"Haakon";2884
"Haavard";201
"Hadi";255
"Haldor";292
"Halfdan";256
"Hallgeir";909
"Hallstein";259
"Hallvard";1491
"Halvard";1312
"Halvor";2942
"Hamid";404
"Hamza";846
"Hans";21495
"Hans-Petter";.
"Harald";12523
"Haris";238
"Harry";1721
"Hasan";722
"Hassan";1511
"Hauk";320
"Heine";1256
"Helge";10725
"Helmer";583
"Henning";5221
"Henri";205
"Henrik";17220
"Henry";2506
"Henryk";261
"Herman";5514
"Hermann";674
"Hermod";343
"Hilmar";386
"Hjalmar";481
"Hogne";374
"Holger";287
"Hubert";350
"Hugo";1738
"Hussain";241
"Hussein";839
"Håkon";13531
"Håvar";495
"Håvard";9254
"Ian";676
"Ibrahim";2047
"Idar";1225
"Idris";326
"Igor";791
"Ihor";719
"Illia";466
"Ilyas";352
"Imad";209
"Imran";413
"Imre";520
"Ingar";1618
"Inge";4496
"Ingebrigt";323
"Ingmar";248
"Ingolf";374
"Ingvald";495
"Ingvar";1021
"Ingve";348
"Ioan";233
"Ion";241
"Ionut";277
"Ireneusz";253
"Isa";331
"Isaac";589
"Isac";538
"Isak";7252
"Ismail";875
"Ivan";2938
"Ivar";7803
"Iver";4065
"Ivo";376
"Jacek";1216
"Jack";1021
"Jacob";4199
"Jahn";630
"Jakob";7515
"Jakub";1605
"Jamal";445
"James";1039
"Jamie";233
"Jan";48118
"Jan-Erik";.
"Janis";442
"Jann";480
"Janusz";587
"Jaran";222
"Jarand";307
"Jardar";275
"Jarl";1571
"Jarle";6043
"Jaroslaw";1023
"Jason";326
"Jean";663
"Jens";8752
"Jeppe";513
"Jerzy";437
"Jesper";3603
"Jim";1733
"Jimmy";623
"Jo";2473
"Joachim";3780
"Joacim";371
"Joakim";7029
"Joao";279
"Joar";1401
"Joel";906
"Johan";9877
"Johann";432
"Johannes";9593
"John";18532
"Johnny";4272
"Jomar";258
"Jon";16038
"Jonah";450
"Jonas";15925
"Jonatan";1097
"Jonathan";4498
"Jone";1224
"Jonn";216
"Jonny";2483
"Jorge";384
"Jose";1032
"Josef";770
"Joseph";679
"Joshua";492
"Jostein";5644
"Jozef";425
"Juan";824
"Julian";4420
"Julius";604
"Justin";273
"Jøran";859
"Jørg";207
"Jørgen";10935
"Jørn";6013
"Jørund";496
"Kaare";379
"Kacper";706
"Kai";5109
"Kaj";349
"Kamal";248
"Kamil";1269
"Karim";387
"Karl";8717
"Karol";752
"Karolis";258
"Karstein";630
"Karsten";1710
"Kasper";4829
"Kato";265
"Kay";925
"Kazimierz";235
"Ken";1811
"Kenan";225
"Kennet";282
"Kenneth";9357
"Kenny";235
"Kent";2788
"Kestutis";323
"Ketil";2422
"Kevin";4554
"Khaled";639
"Khalid";701
"Khalil";292
"Kian";428
"Kim";9004
"Kim-Andre";.
"Kjartan";1179
"Kjell";23672
"Kjetil";10173
"Klaus";765
"Knut";22868
"Kolbjørn";805
"Konrad";1618
"Konstantin";224
"Kornelius";406
"Kostiantyn";351
"Kristen";652
"Krister";759
"Kristian";16550
"Kristoffer";10169
"Krystian";556
"Krzysztof";2936
"Kurt";3394
"Kyrre";910
"Kyrylo";303
"Kåre";6795
"Lars";31280
"Lars-Erik";.
"Lasse";5519
"Laurits";417
"Lauritz";487
"Lavrans";639
"Leander";2709
"Leif";11065
"Leiv";972
"Lennart";516
"Leo";3427
"Leon";4912
"Leonard";879
"Leonardo";382
"Leonel";219
"Leszek";385
"Levi";1432
"Liam";5238
"Liban";222
"Linas";298
"Linus";2140
"Lionel";239
"Loke";727
"Lorentz";248
"Louie";295
"Louis";544
"Luca";974
"Lucas";5481
"Ludvig";3419
"Ludvik";1666
"Luis";822
"Luka";685
"Lukas";4919
"Lukasz";2074
"Luke";245
"Lyder";309
"Maciej";1200
"Mads";4439
"Magnar";2120
"Magne";7415
"Magnus";17886
"Mahad";239
"Mahamed";358
"Mahdi";299
"Mahmoud";846
"Maksim";252
"Maksym";1221
"Maksymilian";291
"Malik";305
"Malvin";514
"Mantas";485
"Manuel";415
"Marc";281
"Marcel";607
"Marcin";2505
"Marco";797
"Marcus";5915
"Marek";1719
"Marian";484
"Mario";697
"Marius";16957
"Mariusz";1672
"Mark";1167
"Marko";588
"Markus";8620
"Marlon";251
"Martin";22259
"Martinius";238
"Martinus";391
"Martynas";246
"Marvin";328
"Matas";256
"Mateo";720
"Mateusz";1496
"Matheo";3628
"Matheus";315
"Mathias";12749
"Mathis";247
"Matias";1561
"Mats";7290
"Matteo";492
"Matteus";240
"Matthew";523
"Matthias";325
"Mattias";523
"Mattis";907
"Matvii";246
"Max";2750
"Maxim";253
"Maximilian";615
"Maximillian";200
"Md";268
"Mehdi";334
"Mehmet";606
"Melvin";557
"Michael";5223
"Michal";2290
"Michel";217
"Miguel";434
"Mihai";267
"Mika";366
"Mikael";3120
"Mikail";254
"Mikal";913
"Mike";287
"Mikhail";.
"Mikkel";4764
"Mikolaj";346
"Milan";858
"Milian";722
"Milo";223
"Milos";239
"Mindaugas";636
"Minh";295
"Mio";964
"Miran";224
"Miroslav";233
"Miroslaw";716
"Mohamad";1848
"Mohamed";3725
"Mohammad";5769
"Mohammed";3322
"Mons";485
"Morgan";673
"Morten";21520
"Mostafa";347
"Muhammad";3163
"Muhammed";527
"Murat";233
"Mustafa";1447
"Mykhailo";803
"Mykola";805
"Mykyta";370
"Narve";269
"Natan";302
"Nataniel";216
"Nathan";424
"Nathaniel";1033
"Natnael";219
"Nazar";326
"Neil";201
"Neo";305
"Nerijus";340
"Nichlas";200
"Nicholas";1456
"Nicklas";886
"Niclas";485
"Nicolai";3046
"Nicolas";965
"Nicolay";865
"Niels";645
"Nikita";486
"Niklas";2336
"Nikodem";259
"Nikola";453
"Nikolai";4522
"Nikolas";610
"Nikolay";371
"Nils";12548
"Njål";600
"Noa";433
"Noah";7690
"Noel";554
"Norbert";280
"Normann";208
"Norvald";436
"Odd";17486
"Oddbjørn";2262
"Oddgeir";685
"Oddleif";.
"Oddmund";1023
"Oddvar";3804
"Oddvin";317
"Odin";4015
"Ola";9388
"Olaf";1831
"Olai";1177
"Olav";14785
"Ole";33521
"Ole-Christian";.
"Ole-Jørgen";.
"Ole-Kristian";.
"Ole-Martin";.
"Ole-Petter";.
"Oleg";295
"Oleh";578
"Oleksandr";2801
"Oleksii";798
"Oliver";9390
"Olivier";288
"Olve";592
"Omar";1944
"Omer";243
"Omid";240
"Oscar";4375
"Oskar";5931
"Osman";607
"Osvald";206
"Ottar";1385
"Otto";1726
"Ove";5519
"Paal";961
"Pablo";253
"Patrick";3229
"Patrik";832
"Patryk";828
"Paul";4487
"Paulius";328
"Pavel";312
"Pavlo";490
"Pawel";2598
"Peder";3896
"Pedro";383
"Pelle";331
"Per";35630
"Per-Arne";.
"Per-Erik";.
"Petar";206
"Peter";4970
"Petter";10182
"Philip";3391
"Phillip";990
"Pierre";233
"Piotr";3219
"Preben";2140
"Przemyslaw";858
"Pål";9324
"Radoslaw";601
"Rafael";529
"Rafal";1477
"Ragnar";3849
"Ragnvald";438
"Rainer";222
"Ralf";.
"Rami";244
"Ramunas";252
"Raphael";202
"Rasmus";1711
"Ravn";282
"Rayan";451
"Raymond";2908
"Reidar";4772
"Remi";1536
"Remy";407
"Rene";848
"Reza";332
"Ricardo";296
"Richard";3153
"Rikard";507
"Rino";350
"Roald";2531
"Roar";6308
"Robel";215
"Robert";8266
"Robertas";223
"Roberto";276
"Robin";5192
"Roger";8452
"Roland";264
"Rolandas";260
"Rolf";11174
"Rolv";435
"Roman";1514
"Romeo";200
"Ronald";956
"Ronnie";342
"Ronny";5572
"Roy";7410
"Ruben";3304
"Rudi";535
"Rudolf";272
"Runar";3327
"Rune";18459
"Ruslan";469
"Ryan";407
"Ryszard";400
"Saad";202
"Said";758
"Salah";251
"Saleh";224
"Salman";260
"Sam";704
"Sami";430
"Samir";566
"Samson";326
"Samuel";3458
"Sander";10423
"Saulius";356
"Sayed";238
"Scott";678
"Sean";603
"Sebastian";10587
"Selmer";286
"Sergio";236
"Serhii";1521
"Severin";468
"Seyed";225
"Sigbjørn";1808
"Sigfred";.
"Sigmund";2575
"Sigurd";7569
"Sigvald";.
"Sigvart";.
"Sigve";1745
"Silas";649
"Simen";8684
"Simon";5853
"Sindre";7688
"Sivert";3099
"Sjur";1343
"Skjalg";272
"Slawomir";923
"Snorre";1736
"Solomon";234
"Sondre";9644
"Stanislav";384
"Stanislaw";658
"Stefan";2321
"Steffan";204
"Steffen";3790
"Stein";9709
"Steinar";10119
"Sten";1635
"Stephan";508
"Stephen";600
"Steve";378
"Steven";629
"Stian";15255
"Stig";9586
"Storm";2077
"Sture";377
"Sturla";673
"Ståle";3569
"Svein";23080
"Svein-Erik";.
"Sveinung";1619
"Sven";4106
"Svend";875
"Svenn";1181
"Sverre";8566
"Syed";644
"Sylwester";315
"Syver";903
"Sølve";593
"Szymon";645
"Søren";457
"Tadas";300
"Tadeusz";295
"Tage";770
"Taha";201
"Tahir";201
"Tallak";234
"Tarald";324
"Tarjei";1068
"Ted";290
"Tellef";272
"Teo";456
"Teodor";1625
"Terje";19298
"Thanh";340
"Theo";3563
"Theodor";5194
"Thomas";24612
"Thor";7605
"Thoralf";.
"Thorbjørn";1251
"Thore";1100
"Thorleif";564
"Thormod";.
"Thorstein";413
"Thorvald";446
"Tim";1559
"Timian";229
"Timo";208
"Timothy";296
"Tobias";10789
"Tom";15836
"Tom-Erik";.
"Tomas";3152
"Tomasz";2928
"Tommy";9131
"Toni";214
"Tonny";297
"Tony";1796
"Tor";22009
"Tor-Arne";.
"Tor-Erik";.
"Toralf";458
"Torben";509
"Torbjørn";6409
"Tord";1674
"Tore";14457
"Torfinn";983
"Torgeir";3184
"Torger";378
"Torgrim";597
"Torje";533
"Torjus";1052
"Torkel";609
"Torkil";361
"Torkild";282
"Torleif";991
"Torleiv";340
"Tormod";2710
"Torodd";212
"Torstein";3741
"Torvald";324
"Tristan";454
"Tron";506
"Trond";16812
"Troy";359
"Truls";3126
"Trygve";4712
"Trym";3729
"Tymofii";227
"Tymur";223
"Tønnes";204
"Ulf";2127
"Ulrik";3961
"Umar";203
"Usman";259
"Vadym";324
"Vaidas";271
"Valentin";345
"Valerii";312
"Van";289
"Varg";379
"Vasile";260
"Vasyl";337
"Vebjørn";1935
"Vegar";1514
"Vegard";8328
"Vemund";1186
"Vetle";4490
"Viacheslav";283
"Victor";3310
"Vidar";8841
"Viggo";1284
"Viktor";3654
"Vilhelm";273
"Viljar";1506
"Villy";330
"Vincent";812
"Vitalii";654
"Vladimir";550
"Vladyslav";827
"Volodymyr";1274
"Vytautas";350
"Waldemar";571
"Walid";279
"Walter";646
"Werner";637
"Widar";.
"Wieslaw";384
"Wiggo";399
"Wiktor";446
"Wilhelm";1122
"William";10278
"Willy";2158
"Wilmer";311
"Wojciech";1242
"X";.
"Yahya";286
"Yaroslav";438
"Yasin";416
"Yasir";215
"Yehor";338
"Yevhen";448
"Yevhenii";308
"Yngvar";732
"Yngve";2198
"Yonas";401
"Yosef";272
"Younes";250
"Yousef";593
"Youssef";311
"Yurii";713
"Yusuf";712
"Zain";227
"Zakaria";403
"Zbigniew";852
"Zdzislaw";.
"Zoran";224
"Øistein";877
"Øivind";3235
"Ørjan";3598
"Ørnulf";307
"Øystein";10505
"Øyvind";13501
"Ådne";1107
"Åge";3429
"Åsmund";2051
