"Aagot";.
"Aase";2570
"Aashild";246
"Aasta";206
"Abigail";308
"Ada";4350
"Adele";1198
"Adelen";407
"Adelina";333
"Adriana";764
"Agata";612
"Agathe";374
"Agne";250
"Agnes";3604
"Agnete";555
"Agnethe";427
"Agnieszka";1759
"Aida";727
"Aila";209
"Aileen";260
"Ailin";395
"Aimee";212
"Aina";3968
"Aisha";1139
"Alaa";220
"Alba";569
"Aleksandra";2074
"Alette";321
"Alexandra";2892
"Alfhild";583
"Alia";216
"Alice";1689
"Alicia";472
"Alicja";556
"Alida";803
"Alina";2167
"Aline";348
"Alisa";639
"Alise";607
"Alla";506
"Alma";4184
"Alona";367
"Alva";2048
"Alvhild";324
"Alvilde";503
"Amal";628
"Amalia";269
"Amalie";8985
"Amanda";4797
"Amelia";2239
"Amelie";404
"Amina";1614
"Amira";636
"Amna";323
"Amy";473
"Ana";1805
"Anastasia";594
"Anastasiia";1607
"Anbjørg";253
"Andrea";8073
"Andreea";262
"Andrine";1738
"Ane";4629
"Aneta";529
"Anett";525
"Anette";8437
"Angela";611
"Angelica";1273
"Angelika";543
"Angelina";432
"Anine";1196
"Anisa";286
"Anita";14487
"Anja";3714
"Anlaug";307
"Ann";19409
"Ann-Christin";.
"Ann-Helen";.
"Ann-Karin";.
"Ann-Kristin";.
"Ann-Mari";.
"Anna";21040
"Annabelle";233
"Annbjørg";786
"Anne";68292
"Anne-Berit";.
"Anne-Brit";.
"Anne-Britt";.
"Anne-Grete";.
"Anne-Grethe";.
"Anne-Kari";.
"Anne-Karin";.
"Anne-Kristin";.
"Anne-Lene";.
"Anne-Lise";.
"Anne-Mari";.
"Anne-Marie";.
"Anne-Marit";.
"Anne-Mette";.
"Anne-Sofie";.
"Anneli";637
"Annelin";202
"Annelise";388
"Annette";2413
"Anni";490
"Annie";1263
"Annika";1208
"Anniken";2740
"Annlaug";468
"Anny";1603
"Antonia";244
"Antonina";301
"Aria";775
"Ariana";586
"Ariel";616
"Arina";363
"Arna";492
"Arnhild";1176
"Arya";280
"Asbjørg";811
"Asha";248
"Aslaug";2108
"Asma";333
"Asta";724
"Astri";1843
"Astrid";16025
"Athena";218
"Aud";9752
"Audhild";921
"Audny";.
"Aurelia";225
"Aurora";5856
"Ausra";220
"Ava";725
"Aya";650
"Ayan";315
"Ayesha";222
"Ayla";511
"Aylin";342
"Ayse";351
"Azra";251
"Barbara";1044
"Barbro";1086
"Beata";797
"Beate";4398
"Beathe";675
"Beatrice";464
"Belinda";378
"Bella";427
"Benedicte";2724
"Benedikte";1420
"Bente";15887
"Benthe";254
"Bergit";.
"Bergliot";.
"Bergljot";393
"Berit";15162
"Berta";.
"Bertha";.
"Bertine";419
"Betina";276
"Bettina";688
"Betty";397
"Bianca";631
"Bibi";232
"Birgit";2768
"Birgith";.
"Birgitta";214
"Birgitte";2651
"Birte";677
"Birthe";664
"Bjørg";13146
"Bodil";5031
"Borghild";1165
"Borgny";755
"Bozena";232
"Brit";5479
"Brita";1627
"Brith";558
"Britt";7438
"Britta";.
"Brynhild";488
"Bushra";287
"Camilla";13767
"Carina";2568
"Carine";272
"Carla";392
"Carmen";982
"Carolina";394
"Caroline";5681
"Cassandra";637
"Catharina";508
"Catherine";546
"Cathrin";332
"Cathrine";6549
"Catrine";438
"Cecilia";843
"Cecilie";8345
"Celia";267
"Celin";208
"Celina";2038
"Celine";4025
"Cesilie";209
"Charlotte";6424
"Chloe";271
"Christel";634
"Christiane";451
"Christin";1083
"Christina";4643
"Christine";5766
"Cicilie";220
"Cindy";296
"Clara";796
"Claudia";677
"Connie";822
"Cornelia";1453
"Cristina";569
"Dagfrid";.
"Dagmar";399
"Dagny";1244
"Dagrun";524
"Daiva";273
"Dalia";281
"Dana";298
"Daniela";828
"Daniella";372
"Danielle";.
"Danuta";251
"Daria";1126
"Daryna";225
"Deborah";247
"Denise";224
"Desiree";243
"Diana";2139
"Dina";2493
"Dominika";480
"Dordi";.
"Doris";423
"Dorota";676
"Dorthe";441
"Dorthea";284
"Ea";362
"Ebba";1010
"Edda";302
"Edel";1897
"Eden";279
"Edit";.
"Edita";298
"Edith";1664
"Edle";338
"Edna";290
"Edny";.
"Edyta";342
"Egle";286
"Eila";213
"Eileen";635
"Eilen";214
"Eilin";211
"Eir";299
"Eira";1655
"Eiril";349
"Eirill";246
"Eirin";2763
"Eivor";548
"Ekaterina";372
"Ela";211
"Elbjørg";.
"Eldbjørg";1315
"Eldrid";397
"Elea";457
"Eleah";291
"Elen";450
"Elena";2946
"Elfrid";303
"Eli";7659
"Eliana";406
"Elida";1367
"Elif";242
"Elin";14377
"Elina";1344
"Eline";5454
"Elinor";375
"Elisa";1008
"Elisabet";860
"Elisabeth";17242
"Elise";7785
"Eliza";377
"Elizabeth";1264
"Ella";6982
"Elle";282
"Ellen";12263
"Elli";251
"Ellie";1382
"Ellinor";3743
"Elly";495
"Elma";265
"Elna";489
"Elsa";2737
"Else";9289
"Else-Marie";.
"Elsie";240
"Elvira";1371
"Elzbieta";512
"Ema";265
"Embla";984
"Emelie";348
"Emely";268
"Emilia";2132
"Emilie";11989
"Emilija";270
"Emily";2593
"Emina";332
"Emine";813
"Emma";14173
"Emmeli";280
"Emmeline";247
"Emmy";493
"Enya";284
"Erica";712
"Erika";1667
"Erle";1933
"Erna";1647
"Ester";1373
"Esther";1290
"Eva";19234
"Evelina";616
"Eveline";214
"Evelyn";1951
"Evy";2500
"Ewa";1035
"Ewelina";525
"Fadumo";417
"Faiza";211
"Fanny";652
"Farah";284
"Fatemeh";331
"Fatima";2103
"Fatma";524
"Fay";208
"Felicia";398
"Filippa";1125
"Fiona";443
"Fredrikke";445
"Freja";232
"Freya";411
"Frid";294
"Frida";9157
"Fride";738
"Frøya";1326
"Frøydis";1553
"Gabija";.
"Gabriela";740
"Gabriele";366
"Gabriella";514
"Gabrielle";314
"Galina";323
"Gerd";10097
"Gerda";443
"Gina";1716
"Gine";210
"Gintare";250
"Gitte";570
"Gjertrud";817
"Gloria";317
"Grace";424
"Grazyna";230
"Greta";1641
"Grete";8129
"Gretha";437
"Grethe";8295
"Gro";7763
"Gry";4278
"Gudny";279
"Gudrun";1673
"Gudveig";239
"Gun";379
"Gunda";.
"Gunhild";2854
"Gunlaug";.
"Gunn";9424
"Gunnbjørg";283
"Gunnhild";1037
"Gunnlaug";313
"Gunnvor";412
"Gunvor";2678
"Guri";2081
"Guro";4181
"Gyda";378
"Gøril";939
"Hafsa";282
"Hailey";282
"Hala";275
"Haldis";951
"Halima";370
"Halldis";428
"Halyna";591
"Hamdi";.
"Hana";511
"Hanan";372
"Hanna";8643
"Hannah";4004
"Hanne";15646
"Harriet";624
"Hatice";284
"Hedda";6990
"Hedvig";2085
"Hege";12970
"Heidi";15784
"Helen";2785
"Helena";2561
"Helene";11055
"Helga";2856
"Helin";235
"Helle";3064
"Hennie";1398
"Henny";1391
"Henriette";5016
"Henrikke";323
"Herborg";263
"Herdis";583
"Hermine";1691
"Hiba";269
"Hild";294
"Hilda";543
"Hilde";18165
"Hildegunn";1824
"Hildur";790
"Hilma";202
"Hjørdis";981
"Hodan";.
"Hong";218
"Huda";245
"Hulda";222
"Iben";3030
"Ida";20717
"Idun";689
"Idunn";469
"Ieva";356
"Ilona";484
"Iman";676
"Ina";3445
"Ine";2447
"Ines";446
"Inga";2781
"Inge";205
"Ingebjørg";2754
"Ingeborg";6565
"Ingelin";458
"Inger";28589
"Inger-Johanne";.
"Inger-Lise";.
"Inger-Marie";.
"Ingerid";458
"Ingfrid";430
"Inghild";239
"Ingjerd";1120
"Ingri";420
"Ingrid";24320
"Ingrida";.
"Ingun";586
"Ingunn";5748
"Ingvil";253
"Ingvild";6397
"Ingvill";898
"Inna";647
"Iqra";252
"Iren";1114
"Irena";355
"Irene";7368
"Irina";1172
"Iris";2089
"Irma";443
"Irmelin";484
"Iryna";1906
"Isa";326
"Isabel";1806
"Isabell";1672
"Isabella";2222
"Isabelle";1164
"Iselin";3040
"Isra";213
"Ivana";396
"Iwona";607
"Izabela";553
"Jacqueline";293
"Jamila";255
"Jana";613
"Jane";2380
"Janet";424
"Janicke";556
"Janina";203
"Janita";258
"Janne";7475
"Janniche";204
"Jannicke";1970
"Jannike";663
"Jasmin";585
"Jasmina";265
"Jasmine";299
"Jeanett";814
"Jeanette";3942
"Jelena";658
"Jenni";235
"Jennie";455
"Jennifer";838
"Jenny";7926
"Jessica";1159
"Jette";.
"Jill";596
"Joan";205
"Joanna";1448
"Jofrid";353
"Johanna";2713
"Johanne";5379
"Jolanta";683
"Jorid";845
"Jorun";2471
"Jorunn";8679
"Josefine";2874
"Josephine";554
"Judit";236
"Judith";1355
"Julia";4925
"Juliana";244
"Juliane";493
"Julianne";771
"Julie";13878
"June";2813
"Juni";501
"Jurgita";309
"Justyna";723
"Kaia";1350
"Kaisa";613
"Kaja";4581
"Kajsa";528
"Kamila";624
"Kamile";203
"Kamilla";2346
"Karen";5855
"Kari";23765
"Kari-Anne";.
"Karianne";2600
"Karin";10594
"Karina";3226
"Karine";923
"Karla";374
"Karolina";1577
"Karoline";7384
"Katarina";1134
"Katarzyna";1914
"Kate";1277
"Katerina";231
"Kateryna";1387
"Katharina";736
"Kathe";320
"Katherine";252
"Kathinka";262
"Kathrin";255
"Kathrine";3111
"Katinka";399
"Katja";569
"Katrin";518
"Katrina";241
"Katrine";4651
"Kaya";222
"Kelly";238
"Kerstin";444
"Khadija";576
"Kim";668
"Kine";4296
"Kinga";435
"Kira";451
"Kirsten";6469
"Kirsti";4121
"Kitty";454
"Kjellaug";1383
"Kjellfrid";349
"Kjellrun";348
"Kjersti";7394
"Kjerstin";640
"Klara";2185
"Klaudia";562
"Konstanse";205
"Kornelia";680
"Kristel";221
"Kristi";561
"Kristiane";561
"Kristin";17003
"Kristina";4802
"Kristine";11135
"Krystyna";292
"Kseniia";279
"Laila";10010
"Lajla";223
"Lana";543
"Lara";725
"Larisa";262
"Larysa";476
"Laura";2395
"Lea";2482
"Leah";5027
"Leikny";.
"Leila";521
"Lejla";217
"Lena";6943
"Lene";9937
"Leni";307
"Leona";558
"Leonora";1000
"Lerke";220
"Leyla";317
"Liana";385
"Lidia";378
"Lidiia";228
"Lilian";315
"Liliana";404
"Liliia";342
"Lilja";791
"Lilje";219
"Lill";3877
"Lilli";713
"Lillian";5479
"Lilly";3730
"Lily";846
"Lin";516
"Lina";3318
"Linda";15162
"Lindis";258
"Line";10209
"Linea";923
"Linn";9408
"Linnea";5904
"Lisa";5514
"Lisbet";764
"Lisbeth";5528
"Lise";8986
"Liss";793
"Liubov";509
"Liudmila";210
"Liudmyla";1153
"Liv";21584
"Liva";683
"Live";3969
"Livia";358
"Liz";274
"Liza";257
"Lone";1535
"Lorena";215
"Lotta";816
"Lotte";2321
"Louisa";233
"Louise";2330
"Lovise";938
"Lucia";412
"Lucie";204
"Lucy";393
"Luna";1760
"Lydia";916
"Lykke";1326
"Ma";366
"Madeleine";2219
"Madelen";2149
"Madelene";268
"Madina";221
"Magda";293
"Magdalena";1855
"Magna";.
"Magnhild";2002
"Magni";325
"Magny";319
"Maha";202
"Mai";2032
"Mai-Britt";.
"Maia";1212
"Maiken";2630
"Maj";729
"Maja";6629
"Malak";281
"Malena";301
"Malene";2800
"Malgorzata";1223
"Mali";1010
"Malika";243
"Malin";10152
"Manuela";211
"Maren";6807
"Margaret";959
"Margareth";960
"Margarita";318
"Margit";1951
"Margot";761
"Margrete";1190
"Margrethe";2622
"Margun";261
"Margunn";652
"Marharyta";253
"Mari";11803
"Mari-Ann";.
"Maria";20795
"Mariam";1116
"Marian";508
"Mariana";462
"Mariann";3142
"Marianna";231
"Marianne";17533
"Marie";12858
"Mariel";355
"Mariell";1260
"Marielle";975
"Mariia";1325
"Marija";504
"Marika";213
"Marina";1624
"Marion";1953
"Marit";22964
"Marita";4460
"Marlen";503
"Marlene";1130
"Marry";214
"Marta";2884
"Marte";8337
"Martha";2001
"Marthe";5457
"Marthine";301
"Martina";570
"Martine";7721
"Martyna";445
"Marwa";351
"Mary";3407
"Mary-Ann";.
"Maryam";1162
"Maryan";301
"Maryna";882
"Marzena";337
"Mathea";2880
"Mathilda";277
"Mathilde";5851
"Matilda";552
"Matilde";1639
"Maud";550
"May";11230
"May-Britt";.
"May-Liss";.
"Maya";2062
"Maylen";201
"Medina";276
"Melanie";394
"Melina";672
"Melinda";268
"Melisa";225
"Melissa";1267
"Merete";5034
"Merethe";2422
"Mette";9551
"Mia";8421
"Michaela";250
"Michelle";2515
"Mie";2420
"Mihaela";248
"Mikaela";219
"Mila";791
"Milana";410
"Mildrid";537
"Milena";591
"Milica";200
"Milla";1341
"Mille";2794
"Millie";335
"Mimmi";.
"Mina";4756
"Mira";1239
"Miranda";234
"Miriam";3241
"Mirjam";485
"Molly";516
"Mona";12531
"Monica";11775
"Monika";4120
"Muna";356
"My";396
"Møyfrid";290
"Målfrid";1508
"Nada";313
"Nadia";1495
"Nadiia";607
"Nadine";324
"Nadja";290
"Naima";289
"Najma";228
"Nancy";840
"Nanna";636
"Naomi";772
"Nasrin";201
"Natalia";2906
"Natalie";2177
"Nataliia";1799
"Nataliya";216
"Natasha";318
"Nathalie";2250
"Nelia";350
"Nellie";311
"Nelly";1084
"Ngoc";317
"Nicole";736
"Nicoline";806
"Nikola";274
"Nikoline";827
"Nina";18371
"Ninni";336
"Noelle";328
"Noor";638
"Nora";12895
"Norah";510
"Norma";208
"Norunn";781
"Nour";387
"Nova";586
"Oda";6879
"Oddbjørg";1180
"Oddfrid";.
"Oddlaug";461
"Oddny";1412
"Oddrun";1333
"Oddveig";1009
"Oksana";1383
"Olaug";2207
"Olava";384
"Olea";575
"Oleksandra";713
"Olena";2555
"Olga";2488
"Olha";1540
"Oline";2348
"Olivia";5252
"Oliwia";444
"Othelie";273
"Othilie";652
"Otilie";288
"Pamela";226
"Patricia";635
"Patrycja";618
"Paula";994
"Paulina";1019
"Pauline";559
"Peggy";281
"Pernille";4627
"Petra";1286
"Phuong";229
"Pia";3809
"Polina";564
"Rabia";255
"Rachel";677
"Ragna";1144
"Ragne";287
"Ragnhild";11333
"Ragni";238
"Rahel";239
"Rahma";256
"Rakel";1635
"Ramona";496
"Rana";242
"Randi";14322
"Rania";283
"Rannveig";1024
"Ranveig";1175
"Rasa";354
"Rebecca";2456
"Rebecka";348
"Rebekka";2157
"Regina";437
"Regine";899
"Reidun";7847
"Reidunn";447
"Renata";774
"Renate";4097
"Renathe";300
"Renee";292
"Rigmor";2899
"Rikke";3057
"Rina";276
"Rita";6560
"Ronja";2726
"Rosa";411
"Rose";709
"Ruby";236
"Runa";1208
"Rut";340
"Ruta";318
"Ruth";5775
"Rønnaug";664
"Saba";318
"Sabina";383
"Sabine";339
"Sabrina";562
"Sadia";310
"Safa";232
"Safia";252
"Saga";1674
"Sahar";277
"Sahra";370
"Saima";218
"Sally";204
"Salma";544
"Samantha";354
"Samira";669
"Sana";412
"Sandra";6331
"Sanja";225
"Sanna";1939
"Sanne";963
"Sara";11994
"Sarah";4593
"Savannah";251
"Selam";244
"Selina";525
"Seline";291
"Selma";5491
"Senait";272
"Serina";293
"Serine";429
"Sharon";211
"Sheila";208
"Shirin";228
"Sidra";343
"Sidsel";2068
"Sienna";614
"Sigfrid";277
"Signe";5843
"Signy";563
"Sigrid";7334
"Sigrun";2247
"Sigrunn";679
"Siham";253
"Silja";613
"Silje";15826
"Silvia";592
"Simona";519
"Simone";527
"Sina";678
"Sine";222
"Siren";1051
"Siri";8416
"Siril";366
"Sissel";9638
"Siv";7543
"Siw";2309
"Snefrid";346
"Sofia";4923
"Sofie";10144
"Sofiia";895
"Sofija";266
"Sol";739
"Solbjørg";1150
"Solfrid";3371
"Solgunn";285
"Solrun";355
"Solveig";14135
"Solvor";462
"Solvår";413
"Sonia";562
"Sonja";4602
"Sophia";1560
"Sophie";1486
"Stella";1702
"Stephanie";555
"Stina";1517
"Stine";11108
"Sumaya";296
"Sunniva";4718
"Susan";695
"Susann";790
"Susanna";404
"Susanne";4269
"Suzanne";352
"Svanhild";1754
"Svetlana";767
"Svitlana";1551
"Syeda";243
"Sylvi";1113
"Sylvia";1057
"Sylwia";679
"Synne";4417
"Synnøve";5505
"Synøve";458
"Sølvi";3445
"Tale";673
"Tamara";669
"Tania";204
"Tanja";1409
"Tanya";323
"Tara";631
"Tatiana";740
"Tatjana";421
"Tea";500
"Teresa";472
"Terese";711
"Tetiana";2277
"Thale";1243
"Thanh";251
"Thea";11961
"Thelma";625
"Theresa";311
"Therese";6234
"Thi";1381
"Thilde";277
"Thora";312
"Thordis";.
"Thu";227
"Thuy";292
"Tia";382
"Tilde";1272
"Tilla";257
"Tina";5383
"Tine";2249
"Tiril";5139
"Tirill";288
"Tomine";1566
"Tone";14844
"Tonje";6821
"Tora";1791
"Torbjørg";778
"Tordis";1316
"Torgunn";500
"Torhild";2424
"Tori";203
"Toril";3907
"Torild";1709
"Torill";6159
"Torun";603
"Torunn";4136
"Tove";13644
"Trine";9947
"Trine-Lise";.
"Trude";4938
"Turi";387
"Turid";9433
"Tuva";6416
"Tyra";474
"Ulla";783
"Ulrikke";751
"Una";851
"Une";231
"Unn";1382
"Unni";8368
"Urszula";267
"Vaida";212
"Valborg";369
"Valentina";728
"Valentyna";805
"Valeria";295
"Valeriia";481
"Vanessa";1251
"Vanja";1002
"Vega";232
"Venche";283
"Venke";766
"Vera";2290
"Veronica";3802
"Veronika";2019
"Veslemøy";623
"Vibecke";417
"Vibeke";4849
"Victoria";7211
"Vida";425
"Vigdis";5641
"Viktoria";1633
"Viktoriia";1433
"Viktorija";436
"Vilde";9248
"Vilja";1211
"Vilje";632
"Vilma";1109
"Viola";420
"Violeta";300
"Vira";281
"Vita";208
"Vivi";1135
"Vivian";1693
"Vår";314
"Vårin";623
"Wanja";228
"Wenche";13180
"Wencke";.
"Wendy";267
"Wenke";377
"Weronika";418
"Wigdis";249
"Wiktoria";605
"Wilma";802
"X";.
"Yana";465
"Yara";211
"Yasmin";803
"Yelyzaveta";414
"Yeva";246
"Yevheniia";325
"Ylva";2404
"Yngvild";281
"Yordanos";213
"Yuliia";1349
"Yusra";213
"Yvonne";1814
"Zahra";999
"Zainab";565
"Zara";377
"Zeinab";242
"Zeynep";204
"Zlata";233
"Zoe";315
"Zofia";377
"Zuzanna";572
"Ågot";295
"Åsa";762
"Åse";9184
"Åshild";2850
"Åslaug";300
"Åsne";710
"Åsta";554
